{"cameraMode":{"drawMode":0,"name":"Shaded","section":"Shading Mode"},"sceneLighting":false,"audioPlay":false,"sceneViewState":{"showFog":true,"showMaterialUpdate":false,"showSkybox":false,"showFlares":true,"showImageEffects":true,"showParticleSystems":true},"in2DMode":false,"pivot":{"x":14.273350715637207,"y":1.187481164932251,"z":10.898653030395508},"rotation":{"x":-0.009594076313078404,"y":0.6861839294433594,"z":0.009051363915205002,"w":0.7273100018501282},"size":9.443182945251465,"orthographic":false}