{"cameraMode":{"drawMode":0,"name":"Shaded","section":"Shading Mode"},"sceneLighting":false,"audioPlay":false,"sceneViewState":{"showFog":true,"showMaterialUpdate":false,"showSkybox":false,"showFlares":true,"showImageEffects":true,"showParticleSystems":true},"in2DMode":false,"pivot":{"x":-1.9655301570892335,"y":2.1166183948516847,"z":2.597343683242798},"rotation":{"x":-0.3442978858947754,"y":-0.4972878694534302,"z":0.22405223548412324,"w":-0.7641758322715759},"size":0.8144848942756653,"orthographic":false}